First Name,Last Name,Last Login,Total Logins,IP Address List
Tildy,Clarke-Williams,1/16/19,202,10.15.27.116;172.31.3.30;10.15.8.239;172.31.3.211
Amitie,Amos,1/5/19,212,172.31.3.7;172.31.4.90
Pamella,Trenholme,5/9/19,297,10.205.8.234
Lexi,Greatrex,3/1/19,249,172.31.4.85;172.31.4.125;172.31.3.8;172.31.4.97;172.31.4.85
Karla,Caddie,2/28/19,229,10.206.0.152
Elberta,Caze,4/4/19,167,10.2.48.161;172.31.4.76
Celestine,D'Cruze,3/28/19,110,172.31.3.3;10.2.49.171;10.205.12.162
Jacklyn,Stuchberry,1/1/19,268,172.31.4.113;172.31.4.102;172.31.4.80;172.31.4.78;10.206.3.231
Timmy,Morrice,4/25/19,244,172.31.4.99;10.205.8.191
Cynthie,Syers,1/22/19,113,172.31.4.90;172.31.4.96;10.2.48.136;172.31.4.56
Nerta,Sweeny,3/14/19,166,10.205.7.159;10.2.48.133;10.15.8.178;10.2.48.40
Woodman,Camber,2/14/19,145,172.31.3.14;172.31.4.97;172.31.3.249;172.31.4.79;10.2.49.152;172.31.4.51
Barbie,McCullen,1/2/19,284,10.2.49.123
Agnola,Bucktrout,2/22/19,251,10.2.48.40;10.2.50.82;172.31.3.197
Elnore,Navan,3/18/19,106,10.2.48.119;10.2.49.200
Calida,Hinken,4/10/19,124,10.2.49.81
Susanne,Delouch,3/14/19,182,10.2.48.206
Sharia,MacSkeagan,3/23/19,275,10.2.49.191;10.205.8.105
Tobey,Oneil,1/12/19,189,172.31.3.10;172.31.4.83;10.205.1.145;172.31.3.209;172.31.3.224;172.31.4.37;172.31.3.214;172.31.3.195;172.31.3.10;172.31.4.83
Dolley,Simond,3/1/19,145,172.31.4.98;10.2.48.91;10.205.9.93
Alwyn,Tieman,3/1/19,117,172.31.3.19;10.2.49.185;10.205.9.239;172.31.4.56;172.31.3.209;172.31.3.189
Franciska,Greeves,1/1/19,227,172.31.4.100
Cari,Barbisch,3/1/19,105,10.15.9.6;10.2.48.206;10.205.20.113;10.2.49.170
Bernie,Thorpe,3/3/19,210,10.2.49.132;10.2.49.196;10.2.49.168;10.2.49.189
Pascal,Cambell,2/20/19,174,10.2.48.152
Vernice,Heyburn,4/19/19,118,10.2.48.61
Felecia,Treuge,3/22/19,155,10.2.49.131
Roma,Thewles,4/26/19,108,10.2.48.40
Sharla,Beaves,4/2/19,230,10.2.49.133
Enrique,Wanjek,2/24/19,132,10.2.49.136
Nonnah,Gilstin,1/12/19,150,10.2.48.120
Sadie,Sjostrom,3/1/19,240,10.15.9.29;10.2.48.157
Dalton,Carthew,1/11/19,102,10.2.49.172
Brianna,Eake,2/28/19,160,10.2.48.136;172.31.3.222
Arabela,Norville,3/28/19,283,172.31.4.77;10.205.7.150
Justino,Miguet,3/31/19,245,10.2.49.152;10.2.49.175
Zilvia,Srutton,5/6/19,294,10.15.9.46
Turner,de Clercq,2/4/19,282,10.205.9.223;10.2.48.121
Joyous,McInnerny,3/27/19,133,10.2.49.189;172.31.3.231;172.31.4.68;172.31.4.43;172.31.3.200;172.31.4.54
Portie,Tweedy,4/10/19,214,10.2.49.187;172.31.3.220;172.31.3.210
Doroteya,Brosius,3/18/19,114,10.2.48.124;172.31.4.55
Theresita,Westpfel,3/20/19,196,10.2.49.190;172.31.4.52;172.31.4.251;172.31.4.40
Monte,Gutans,1/17/19,230,10.2.48.156
Gasper,Denny,1/28/19,214,10.206.4.55
Mylo,Berrow,1/23/19,281,10.2.49.196
Lorrie,Rubanenko,2/19/19,154,172.31.3.191
Boonie,Channing,1/29/19,107,10.2.49.143;172.31.3.73
Binni,Lorinez,2/27/19,182,10.2.49.170;10.2.49.151
Nicolina,Coult,3/31/19,178,10.2.49.169
Sully,Hehnke,3/23/19,267,10.2.48.157;172.31.3.151;172.31.3.167;10.2.49.171;172.31.4.20;172.31.3.102;172.31.3.50;172.31.3.78;172.31.3.102